Day,Chat,Video,Study,Games
1,69,58,22,17
2,87,37,87,24
3,78,55,38,29
4,60,40,86,54
5,40,101,125,78
6,97,179,71,66
7,69,161,26,0
8,5,80,129,0
9,29,43,127,44
10,36,49,57,21
11,81,0,143,65
12,66,106,53,48
13,112,0,15,110
14,59,166,11,102
15,71,81,101,0
16,0,0,57,54
17,57,14,78,28
18,87,65,76,39
19,61,36,91,17
20,117,84,52,0
21,84,122,18,70
22,13,13,86,37
23,27,92,109,14
24,39,64,112,11
25,41,76,165,16
26,0,17,82,0
27,106,91,64,0
28,79,166,67,92
29,84,0,104,50
30,26,93,76,71
